Date,P,D,CPI
1871-01-01,4.44,0.26,12.46406116
1871-02-01,4.5,0.26,12.84464132
1871-03-01,4.61,0.26,13.0349719
1871-04-01,4.74,0.26,12.55922645
1871-05-01,4.86,0.26,12.27381157
1871-06-01,4.82,0.26,12.08348099
1871-07-01,4.73,0.26,12.08348099
1871-08-01,4.79,0.26,11.8932314
1871-09-01,4.84,0.26,12.17864628
1871-01-01,4.59,0.26,12.36889587
1871-11-01,4.64,0.26,12.36889587
1871-12-01,4.74,0.26,12.65439174
1872-01-01,4.86,0.2633,12.65439174
1872-02-01,4.88,0.2667,12.65439174
1872-03-01,5.04,0.27,12.84464132
1872-04-01,5.18,0.2733,13.13013719
1872-05-01,5.18,0.2767,13.13013719
1872-06-01,5.13,0.28,13.0349719
1872-07-01,5.1,0.2833,12.84464132
1872-08-01,5.04,0.2867,12.93980661
1872-09-01,4.95,0.29,13.0349719
1872-01-01,4.97,0.2933,12.74947603
1872-11-01,4.95,0.2967,13.13013719
1872-12-01,5.07,0.3,12.93980661
1873-01-01,5.11,0.3025,12.93980661
1873-02-01,5.15,0.305,13.22522149
1873-03-01,5.11,0.3075,13.22522149
1873-04-01,5.04,0.31,13.22522149
1873-05-01,5.05,0.3125,12.93980661
1873-06-01,4.98,0.315,12.55922645
1873-07-01,4.97,0.3175,12.55922645
1873-08-01,4.97,0.32,12.55922645
1873-09-01,4.59,0.3225,12.55922645
1873-01-01,4.19,0.325,12.27381157
1873-11-01,4.04,0.3275,11.8932314
1873-12-01,4.42,0.33,12.17864628
1874-01-01,4.66,0.33,12.36889587
1874-02-01,4.8,0.33,12.36889587
1874-03-01,4.73,0.33,12.36889587
1874-04-01,4.6,0.33,12.17864628
1874-05-01,4.48,0.33,12.08348099
1874-06-01,4.46,0.33,11.79806612
1874-07-01,4.46,0.33,11.8932314
1874-08-01,4.47,0.33,11.79806612
1874-09-01,4.54,0.33,11.79806612
1874-01-01,4.53,0.33,11.60773554
1874-11-01,4.57,0.33,11.51265124
1874-12-01,4.54,0.33,11.51265124
1875-01-01,4.54,0.3275,11.51265124
1875-02-01,4.53,0.325,11.51265124
1875-03-01,4.59,0.3225,11.51265124
1875-04-01,4.65,0.32,11.60773554
1875-05-01,4.47,0.3175,11.32232066
1875-06-01,4.38,0.315,11.13207107
1875-07-01,4.39,0.3125,11.13207107
1875-08-01,4.41,0.31,11.22715537
1875-09-01,4.37,0.3075,11.13207107
1875-01-01,4.3,0.305,11.13207107
1875-11-01,4.37,0.3025,11.03690579
1875-12-01,4.37,0.3,10.9417405
1876-01-01,4.46,0.3,10.84657521
1876-02-01,4.52,0.3,10.84657521
1876-03-01,4.51,0.3,10.84657521
1876-04-01,4.34,0.3,10.75149091
1876-05-01,4.18,0.3,10.37091074
1876-06-01,4.15,0.3,10.08541488
1876-07-01,4.1,0.3,10.08541488
1876-08-01,3.93,0.3,10.18058017
1876-09-01,3.69,0.3,10.27574545
1876-01-01,3.67,0.3,10.46599504
1876-11-01,3.6,0.3,10.56116033
1876-12-01,3.58,0.3,10.75149091
1877-01-01,3.55,0.2908,10.9417405
1877-02-01,3.34,0.2817,10.65632562
1877-03-01,3.17,0.2725,10.18058017
1877-04-01,2.94,0.2633,10.46599504
1877-05-01,2.94,0.2542,10.65632562
1877-06-01,2.73,0.245,10.08541488
1877-07-01,2.85,0.2358,10.18058017
1877-08-01,3.05,0.2267,9.8
1877-09-01,3.24,0.2175,9.704834711
1877-01-01,3.31,0.2083,9.704834711
1877-11-01,3.26,0.1992,9.514585124
1877-12-01,3.25,0.19,9.514585124
1878-01-01,3.25,0.1892,9.229089256
1878-02-01,3.18,0.1883,9.134004959
1878-03-01,3.24,0.1875,8.94367438
1878-04-01,3.33,0.1867,8.848509091
1878-05-01,3.34,0.1858,8.563094215
1878-06-01,3.41,0.185,8.372844628
1878-07-01,3.48,0.1842,8.467928926
1878-08-01,3.45,0.1833,8.563094215
1878-09-01,3.52,0.1825,8.563094215
1878-01-01,3.48,0.1817,8.467928926
1878-11-01,3.47,0.1808,8.372844628
1878-12-01,3.45,0.18,8.18251405
1879-01-01,3.58,0.1817,8.277679339
1879-02-01,3.71,0.1833,8.372844628
1879-03-01,3.65,0.185,8.277679339
1879-04-01,3.77,0.1867,8.18251405
1879-05-01,3.94,0.1883,8.18251405
1879-06-01,3.96,0.19,8.087381157
1879-07-01,4.04,0.1917,8.18251405
1879-08-01,4.07,0.1933,8.18251405
1879-09-01,4.22,0.195,8.467928926
1879-01-01,4.68,0.1967,8.94367438
1879-11-01,4.93,0.1983,9.419419835
1879-12-01,4.92,0.2,9.704834711
1880-01-01,5.11,0.205,9.990330579
1880-02-01,5.2,0.21,9.990330579
1880-03-01,5.3,0.215,10.08541488
1880-04-01,5.18,0.22,9.704834711
1880-05-01,4.77,0.225,9.419419835
1880-06-01,4.79,0.23,9.229089256
1880-07-01,5.01,0.235,9.229089256
1880-08-01,5.19,0.24,9.229089256
1880-09-01,5.18,0.245,9.324254545
1880-01-01,5.33,0.25,9.324254545
1880-11-01,5.61,0.255,9.419419835
1880-12-01,5.84,0.26,9.514585124
1881-01-01,6.19,0.265,9.419419835
1881-02-01,6.17,0.27,9.514585124
1881-03-01,6.24,0.275,9.514585124
1881-04-01,6.22,0.28,9.609669421
1881-05-01,6.5,0.285,9.514585124
1881-06-01,6.58,0.29,9.514585124
1881-07-01,6.35,0.295,9.609669421
1881-08-01,6.2,0.3,9.8
1881-09-01,6.25,0.305,10.18058017
1881-01-01,6.15,0.31,10.27574545
1881-11-01,6.19,0.315,10.18058017
1881-12-01,6.01,0.32,10.18058017
1882-01-01,5.92,0.32,10.18058017
1882-02-01,5.79,0.32,10.27574545
1882-03-01,5.78,0.32,10.27574545
1882-04-01,5.78,0.32,10.37091074
1882-05-01,5.71,0.32,10.46599504
1882-06-01,5.68,0.32,10.56116033
1882-07-01,6.0,0.32,10.46599504
1882-08-01,6.18,0.32,10.56116033
1882-09-01,6.24,0.32,10.27574545
1882-01-01,6.07,0.32,10.18058017
1882-11-01,5.81,0.32,10.08541488
1882-12-01,5.84,0.32,9.990330579
1883-01-01,5.81,0.3208,9.990330579
1883-02-01,5.68,0.3217,10.08541488
1883-03-01,5.75,0.3225,9.990330579
1883-04-01,5.87,0.3233,9.895165289
1883-05-01,5.77,0.3242,9.8
1883-06-01,5.82,0.325,9.514585124
1883-07-01,5.73,0.3258,9.324254545
1883-08-01,5.47,0.3267,9.324254545
1883-09-01,5.53,0.3275,9.229089256
1883-01-01,5.38,0.3283,9.229089256
1883-11-01,5.46,0.3292,9.134004959
1883-12-01,5.34,0.33,9.229089256
1884-01-01,5.18,0.3283,9.229089256
1884-02-01,5.32,0.3267,9.229089256
1884-03-01,5.3,0.325,9.229089256
1884-04-01,5.06,0.3233,9.038839669
1884-05-01,4.65,0.3217,8.848509091
1884-06-01,4.46,0.32,8.848509091
1884-07-01,4.46,0.3183,8.753424793
1884-08-01,4.74,0.3167,8.753424793
1884-09-01,4.59,0.315,8.658259504
1884-01-01,4.44,0.3133,8.563094215
1884-11-01,4.35,0.3117,8.372844628
1884-12-01,4.34,0.31,8.277679339
1885-01-01,4.24,0.3042,8.277679339
1885-02-01,4.37,0.2983,8.372844628
1885-03-01,4.38,0.2925,8.18251405
1885-04-01,4.37,0.2867,8.277679339
1885-05-01,4.32,0.2808,8.087381157
1885-06-01,4.3,0.275,7.897091074
1885-07-01,4.46,0.2692,7.992232066
1885-08-01,4.71,0.2633,7.992232066
1885-09-01,4.65,0.2575,7.897091074
1885-01-01,4.92,0.2517,7.897091074
1885-11-01,5.24,0.2458,7.992232066
1885-12-01,5.2,0.24,8.18251405
1886-01-01,5.2,0.2383,7.992232066
1886-02-01,5.3,0.2367,7.992232066
1886-03-01,5.19,0.235,7.897091074
1886-04-01,5.12,0.2333,7.801941983
1886-05-01,5.02,0.2317,7.611651901
1886-06-01,5.25,0.23,7.51650281
1886-07-01,5.33,0.2283,7.611651901
1886-08-01,5.37,0.2267,7.706792893
1886-09-01,5.51,0.225,7.706792893
1886-01-01,5.65,0.2233,7.706792893
1886-11-01,5.79,0.2217,7.706792893
1886-12-01,5.64,0.22,7.801941983
1887-01-01,5.58,0.2225,7.992232066
1887-02-01,5.54,0.225,8.087381157
1887-03-01,5.67,0.2275,8.087381157
1887-04-01,5.8,0.23,8.087381157
1887-05-01,5.9,0.2325,8.087381157
1887-06-01,5.73,0.235,7.992232066
1887-07-01,5.59,0.2375,7.897091074
1887-08-01,5.45,0.24,7.992232066
1887-09-01,5.38,0.2425,7.897091074
1887-01-01,5.2,0.245,7.992232066
1887-11-01,5.3,0.2475,8.087381157
1887-12-01,5.27,0.25,8.277679339
1888-01-01,5.31,0.2483,8.372844628
1888-02-01,5.28,0.2467,8.277679339
1888-03-01,5.08,0.245,8.277679339
1888-04-01,5.1,0.2433,8.18251405
1888-05-01,5.17,0.2417,8.087381157
1888-06-01,5.01,0.24,7.992232066
1888-07-01,5.14,0.2383,8.087381157
1888-08-01,5.25,0.2367,8.087381157
1888-09-01,5.38,0.235,8.087381157
1888-01-01,5.35,0.2333,8.18251405
1888-11-01,5.24,0.2317,8.277679339
1888-12-01,5.14,0.23,8.277679339
1889-01-01,5.24,0.2292,7.992232066
1889-02-01,5.3,0.2283,7.897091074
1889-03-01,5.19,0.2275,7.801941983
1889-04-01,5.18,0.2267,7.801941983
1889-05-01,5.32,0.2258,7.611651901
1889-06-01,5.41,0.225,7.611651901
1889-07-01,5.3,0.2242,7.611651901
1889-08-01,5.37,0.2233,7.611651901
1889-09-01,5.5,0.2225,7.706792893
1889-01-01,5.4,0.2217,7.706792893
1889-11-01,5.35,0.2208,7.706792893
1889-12-01,5.32,0.22,7.801941983
1890-01-01,5.38,0.22,7.611651901
1890-02-01,5.32,0.22,7.611651901
1890-03-01,5.28,0.22,7.611651901
1890-04-01,5.39,0.22,7.611651901
1890-05-01,5.62,0.22,7.706792893
1890-06-01,5.58,0.22,7.706792893
1890-07-01,5.54,0.22,7.706792893
1890-08-01,5.41,0.22,7.992232066
1890-09-01,5.32,0.22,8.087381157
1890-01-01,5.08,0.22,8.087381157
1890-11-01,4.71,0.22,7.897091074
1890-12-01,4.6,0.22,7.897091074
1891-01-01,4.84,0.22,7.801941983
1891-02-01,4.9,0.22,7.897091074
1891-03-01,4.81,0.22,7.992232066
1891-04-01,4.97,0.22,8.087381157
1891-05-01,4.95,0.22,7.992232066
1891-06-01,4.85,0.22,7.801941983
1891-07-01,4.77,0.22,7.706792893
1891-08-01,4.93,0.22,7.706792893
1891-09-01,5.33,0.22,7.611651901
1891-01-01,5.33,0.22,7.611651901
1891-11-01,5.25,0.22,7.51650281
1891-12-01,5.41,0.22,7.51650281
1892-01-01,5.51,0.2217,7.326212727
1892-02-01,5.52,0.2233,7.326212727
1892-03-01,5.58,0.225,7.135922645
1892-04-01,5.57,0.2267,7.040773554
1892-05-01,5.57,0.2283,7.040773554
1892-06-01,5.54,0.23,7.040773554
1892-07-01,5.54,0.2317,7.231071736
1892-08-01,5.62,0.2333,7.326212727
1892-09-01,5.48,0.235,7.326212727
1892-01-01,5.59,0.2367,7.326212727
1892-11-01,5.57,0.2383,7.51650281
1892-12-01,5.51,0.24,7.611651901
1893-01-01,5.61,0.2408,7.897091074
1893-02-01,5.51,0.2417,7.992232066
1893-03-01,5.31,0.2425,7.801941983
1893-04-01,5.31,0.2433,7.706792893
1893-05-01,4.84,0.2442,7.611651901
1893-06-01,4.61,0.245,7.421361818
1893-07-01,4.18,0.2458,7.231071736
1893-08-01,4.08,0.2467,6.945632562
1893-09-01,4.37,0.2475,7.231071736
1893-01-01,4.5,0.2483,7.326212727
1893-11-01,4.57,0.2492,7.135922645
1893-12-01,4.41,0.25,7.040773554
1894-01-01,4.32,0.2467,6.850483471
1894-02-01,4.38,0.2433,6.755342479
1894-03-01,4.51,0.24,6.565052397
1894-04-01,4.57,0.2367,6.565052397
1894-05-01,4.4,0.2333,6.565052397
1894-06-01,4.34,0.23,6.565052397
1894-07-01,4.25,0.2267,6.565052397
1894-08-01,4.41,0.2233,6.755342479
1894-09-01,4.48,0.22,6.850483471
1894-01-01,4.34,0.2167,6.660193388
1894-11-01,4.34,0.2133,6.660193388
1894-12-01,4.3,0.21,6.565052397
1895-01-01,4.25,0.2083,6.565052397
1895-02-01,4.19,0.2067,6.565052397
1895-03-01,4.19,0.205,6.565052397
1895-04-01,4.37,0.2033,6.850483471
1895-05-01,4.61,0.2017,6.945632562
1895-06-01,4.7,0.2,7.040773554
1895-07-01,4.72,0.1983,6.945632562
1895-08-01,4.79,0.1967,6.850483471
1895-09-01,4.82,0.195,6.850483471
1895-01-01,4.75,0.1933,6.850483471
1895-11-01,4.59,0.1917,6.850483471
1895-12-01,4.32,0.19,6.755342479
1896-01-01,4.27,0.1892,6.660193388
1896-02-01,4.45,0.1883,6.565052397
1896-03-01,4.38,0.1875,6.565052397
1896-04-01,4.42,0.1867,6.469903306
1896-05-01,4.4,0.1858,6.374754215
1896-06-01,4.32,0.185,6.279613223
1896-07-01,4.04,0.1842,6.279613223
1896-08-01,3.81,0.1833,6.279613223
1896-09-01,4.01,0.1825,6.279613223
1896-01-01,4.1,0.1817,6.469903306
1896-11-01,4.38,0.1808,6.660193388
1896-12-01,4.22,0.18,6.660193388
1897-01-01,4.22,0.18,6.469903306
1897-02-01,4.18,0.18,6.469903306
1897-03-01,4.19,0.18,6.469903306
1897-04-01,4.06,0.18,6.374754215
1897-05-01,4.08,0.18,6.279613223
1897-06-01,4.27,0.18,6.279613223
1897-07-01,4.46,0.18,6.279613223
1897-08-01,4.75,0.18,6.565052397
1897-09-01,4.98,0.18,6.755342479
1897-01-01,4.82,0.18,6.660193388
1897-11-01,4.65,0.18,6.660193388
1897-12-01,4.75,0.18,6.660193388
1898-01-01,4.88,0.1817,6.660193388
1898-02-01,4.87,0.1833,6.755342479
1898-03-01,4.65,0.185,6.755342479
1898-04-01,4.57,0.1867,6.755342479
1898-05-01,4.87,0.1883,7.231071736
1898-06-01,5.06,0.19,6.755342479
1898-07-01,5.08,0.1917,6.660193388
1898-08-01,5.27,0.1933,6.660193388
1898-09-01,5.26,0.195,6.660193388
1898-01-01,5.15,0.1967,6.660193388
1898-11-01,5.32,0.1983,6.660193388
1898-12-01,5.65,0.2,6.755342479
1899-01-01,6.08,0.2008,6.755342479
1899-02-01,6.31,0.2017,6.945632562
1899-03-01,6.4,0.2025,6.945632562
1899-04-01,6.48,0.2033,7.040773554
1899-05-01,6.21,0.2042,7.040773554
1899-06-01,6.07,0.205,7.135922645
1899-07-01,6.28,0.2058,7.231071736
1899-08-01,6.44,0.2067,7.326212727
1899-09-01,6.37,0.2075,7.611651901
1899-01-01,6.34,0.2083,7.706792893
1899-11-01,6.46,0.2092,7.801941983
1899-12-01,6.02,0.21,7.897091074
1900-01-01,6.1,0.2175,7.897091074
1900-02-01,6.21,0.225,7.992232066
1900-03-01,6.26,0.2325,7.992232066
1900-04-01,6.34,0.24,7.992232066
1900-05-01,6.04,0.2475,7.801941983
1900-06-01,5.86,0.255,7.706792893
1900-07-01,5.86,0.2625,7.801941983
1900-08-01,5.94,0.27,7.706792893
1900-09-01,5.8,0.2775,7.801941983
1900-01-01,6.01,0.285,7.706792893
1900-11-01,6.48,0.2925,7.706792893
1900-12-01,6.87,0.3,7.611651901
1901-01-01,7.07,0.3017,7.706792893
1901-02-01,7.25,0.3033,7.611651901
1901-03-01,7.51,0.305,7.611651901
1901-04-01,8.14,0.3067,7.51650281
1901-05-01,7.73,0.3083,7.51650281
1901-06-01,8.5,0.31,7.51650281
1901-07-01,7.93,0.3117,7.611651901
1901-08-01,8.04,0.3133,7.706792893
1901-09-01,8.0,0.315,7.801941983
1901-01-01,7.91,0.3167,7.801941983
1901-11-01,8.08,0.3183,7.897091074
1901-12-01,7.95,0.32,7.992232066
1902-01-01,8.12,0.3208,7.897091074
1902-02-01,8.19,0.3217,7.897091074
1902-03-01,8.2,0.3225,7.897091074
1902-04-01,8.48,0.3233,7.992232066
1902-05-01,8.46,0.3242,8.087381157
1902-06-01,8.41,0.325,8.18251405
1902-07-01,8.6,0.3258,8.18251405
1902-08-01,8.83,0.3267,8.087381157
1902-09-01,8.85,0.3275,8.18251405
1902-01-01,8.57,0.3283,8.753424793
1902-11-01,8.24,0.3292,8.467928926
1902-12-01,8.05,0.33,8.563094215
1903-01-01,8.46,0.3317,8.658259504
1903-02-01,8.41,0.3333,8.658259504
1903-03-01,8.08,0.335,8.372844628
1903-04-01,7.75,0.3367,8.372844628
1903-05-01,7.6,0.3383,8.18251405
1903-06-01,7.18,0.34,8.18251405
1903-07-01,6.85,0.3417,8.18251405
1903-08-01,6.63,0.3433,8.18251405
1903-09-01,6.47,0.345,8.277679339
1903-01-01,6.26,0.3467,8.18251405
1903-11-01,6.28,0.3483,8.087381157
1903-12-01,6.57,0.35,8.087381157
1904-01-01,6.68,0.3467,8.277679339
1904-02-01,6.5,0.3433,8.467928926
1904-03-01,6.48,0.34,8.372844628
1904-04-01,6.64,0.3367,8.277679339
1904-05-01,6.5,0.3333,8.087381157
1904-06-01,6.51,0.33,8.087381157
1904-07-01,6.78,0.3267,8.087381157
1904-08-01,7.01,0.3233,8.18251405
1904-09-01,7.32,0.32,8.277679339
1904-01-01,7.75,0.3167,8.277679339
1904-11-01,8.17,0.3133,8.467928926
1904-12-01,8.25,0.31,8.467928926
1905-01-01,8.43,0.3117,8.467928926
1905-02-01,8.8,0.3133,8.467928926
1905-03-01,9.05,0.315,8.372844628
1905-04-01,8.94,0.3167,8.372844628
1905-05-01,8.5,0.3183,8.277679339
1905-06-01,8.6,0.32,8.277679339
1905-07-01,8.87,0.3217,8.277679339
1905-08-01,9.2,0.3233,8.372844628
1905-09-01,9.23,0.325,8.277679339
1905-01-01,9.36,0.3267,8.277679339
1905-11-01,9.31,0.3283,8.372844628
1905-12-01,9.54,0.33,8.467928926
1906-01-01,9.87,0.3358,8.467928926
1906-02-01,9.8,0.3417,8.467928926
1906-03-01,9.56,0.3475,8.467928926
1906-04-01,9.43,0.3533,8.467928926
1906-05-01,9.18,0.3592,8.563094215
1906-06-01,9.3,0.365,8.563094215
1906-07-01,9.06,0.3708,8.277679339
1906-08-01,9.73,0.3767,8.467928926
1906-09-01,10.03,0.3825,8.563094215
1906-01-01,9.73,0.3883,8.753424793
1906-11-01,9.93,0.3942,8.848509091
1906-12-01,9.84,0.4,8.94367438
1907-01-01,9.56,0.4033,8.848509091
1907-02-01,9.26,0.4067,9.038839669
1907-03-01,8.35,0.41,8.94367438
1907-04-01,8.39,0.4133,8.94367438
1907-05-01,8.1,0.4167,9.134004959
1907-06-01,7.84,0.42,9.229089256
1907-07-01,8.14,0.4233,9.229089256
1907-08-01,7.53,0.4267,9.229089256
1907-09-01,7.45,0.43,9.229089256
1907-01-01,6.64,0.4333,9.324254545
1907-11-01,6.25,0.4367,8.94367438
1907-12-01,6.57,0.44,8.753424793
1908-01-01,6.85,0.4367,8.658259504
1908-02-01,6.6,0.4333,8.563094215
1908-03-01,6.87,0.43,8.563094215
1908-04-01,7.24,0.4267,8.658259504
1908-05-01,7.63,0.4233,8.658259504
1908-06-01,7.64,0.42,8.658259504
1908-07-01,7.92,0.4167,8.753424793
1908-08-01,8.26,0.4133,8.753424793
1908-09-01,8.17,0.41,8.753424793
1908-01-01,8.27,0.4067,8.848509091
1908-11-01,8.83,0.4033,8.94367438
1908-12-01,9.03,0.4,9.038839669
1909-01-01,9.06,0.4033,8.94367438
1909-02-01,8.8,0.4067,9.038839669
1909-03-01,8.92,0.41,9.038839669
1909-04-01,9.32,0.4133,9.229089256
1909-05-01,9.63,0.4167,9.324254545
1909-06-01,9.8,0.42,9.419419835
1909-07-01,9.94,0.4233,9.419419835
1909-08-01,10.18,0.4267,9.514585124
1909-09-01,10.19,0.43,9.609669421
1909-01-01,10.23,0.4333,9.8
1909-11-01,10.18,0.4367,9.895165289
1909-12-01,10.3,0.44,9.990330579
1910-01-01,10.08,0.4425,9.895165289
1910-02-01,9.72,0.445,9.895165289
1910-03-01,9.96,0.4475,10.08541488
1910-04-01,9.72,0.45,10.18058017
1910-05-01,9.56,0.4525,9.990330579
1910-06-01,9.1,0.455,9.895165289
1910-07-01,8.64,0.4575,9.895165289
1910-08-01,8.85,0.46,9.8
1910-09-01,8.91,0.4625,9.704834711
1910-01-01,9.32,0.465,9.419419835
1910-11-01,9.31,0.4675,9.229089256
1910-12-01,9.05,0.47,9.229089256
1911-01-01,9.27,0.47,9.229089256
1911-02-01,9.43,0.47,8.94367438
1911-03-01,9.32,0.47,9.038839669
1911-04-01,9.28,0.47,8.753424793
1911-05-01,9.48,0.47,8.753424793
1911-06-01,9.67,0.47,8.753424793
1911-07-01,9.63,0.47,8.848509091
1911-08-01,9.17,0.47,9.134004959
1911-09-01,8.67,0.47,9.229089256
1911-01-01,8.72,0.47,9.229089256
1911-11-01,9.07,0.47,9.134004959
1911-12-01,9.11,0.47,9.038839669
1912-01-01,9.12,0.4708,9.134004959
1912-02-01,9.04,0.4717,9.229089256
1912-03-01,9.3,0.4725,9.419419835
1912-04-01,9.59,0.4733,9.704834711
1912-05-01,9.58,0.4742,9.704834711
1912-06-01,9.58,0.475,9.609669421
1912-07-01,9.59,0.4758,9.609669421
1912-08-01,9.81,0.4767,9.704834711
1912-09-01,9.86,0.4775,9.8
1912-01-01,9.84,0.4783,9.8
1912-11-01,9.73,0.4792,9.8
1912-12-01,9.38,0.48,9.704834711
1913-01-01,9.3,0.48,9.8
1913-02-01,8.97,0.48,9.8
1913-03-01,8.8,0.48,9.8
1913-04-01,8.79,0.48,9.8
1913-05-01,8.55,0.48,9.7
1913-06-01,8.12,0.48,9.8
1913-07-01,8.23,0.48,9.9
1913-08-01,8.45,0.48,9.9
1913-09-01,8.53,0.48,10.0
1913-01-01,8.26,0.48,10.0
1913-11-01,8.05,0.48,10.1
1913-12-01,8.04,0.48,10.0
1914-01-01,8.37,0.475,10.0
1914-02-01,8.48,0.47,9.9
1914-03-01,8.32,0.465,9.9
1914-04-01,8.12,0.46,9.8
1914-05-01,8.17,0.455,9.9
1914-06-01,8.13,0.45,9.9
1914-07-01,7.68,0.445,10.0
1914-08-01,7.68,0.44,10.2
1914-09-01,7.68,0.435,10.2
1914-01-01,7.68,0.43,10.1
1914-11-01,7.68,0.425,10.2
1914-12-01,7.35,0.42,10.1
1915-01-01,7.48,0.4208,10.1
1915-02-01,7.38,0.4217,10.0
1915-03-01,7.57,0.4225,9.9
1915-04-01,8.14,0.4233,10.0
1915-05-01,7.95,0.4242,10.1
1915-06-01,8.04,0.425,10.1
1915-07-01,8.01,0.4258,10.1
1915-08-01,8.35,0.4267,10.1
1915-09-01,8.66,0.4275,10.1
1915-01-01,9.14,0.4283,10.2
1915-11-01,9.46,0.4292,10.3
1915-12-01,9.48,0.43,10.3
1916-01-01,9.33,0.4408,10.4
1916-02-01,9.2,0.4517,10.4
1916-03-01,9.17,0.4625,10.5
1916-04-01,9.07,0.4733,10.6
1916-05-01,9.27,0.4842,10.7
1916-06-01,9.36,0.495,10.8
1916-07-01,9.23,0.5058,10.8
1916-08-01,9.3,0.5167,10.9
1916-09-01,9.68,0.5275,11.1
1916-01-01,9.98,0.5383,11.3
1916-11-01,10.21,0.5492,11.5
1916-12-01,9.8,0.56,11.6
1917-01-01,9.57,0.5708,11.7
1917-02-01,9.03,0.5817,12.0
1917-03-01,9.31,0.5925,12.0
1917-04-01,9.17,0.6033,12.6
1917-05-01,8.86,0.6142,12.8
1917-06-01,9.04,0.625,13.0
1917-07-01,8.79,0.6358,12.8
1917-08-01,8.53,0.6467,13.0
1917-09-01,8.12,0.6575,13.3
1917-01-01,7.68,0.6683,13.5
1917-11-01,7.04,0.6792,13.5
1917-12-01,6.8,0.69,13.7
1918-01-01,7.21,0.68,14.0
1918-02-01,7.43,0.67,14.1
1918-03-01,7.28,0.66,14.0
1918-04-01,7.21,0.65,14.2
1918-05-01,7.44,0.64,14.5
1918-06-01,7.45,0.63,14.7
1918-07-01,7.51,0.62,15.1
1918-08-01,7.58,0.61,15.4
1918-09-01,7.54,0.6,15.7
1918-01-01,7.86,0.59,16.0
1918-11-01,8.06,0.58,16.3
1918-12-01,7.9,0.57,16.5
1919-01-01,7.85,0.5667,16.5
1919-02-01,7.88,0.5633,16.2
1919-03-01,8.12,0.56,16.4
1919-04-01,8.39,0.5567,16.7
1919-05-01,8.97,0.5533,16.9
1919-06-01,9.21,0.55,16.9
1919-07-01,9.51,0.5467,17.4
1919-08-01,8.87,0.5433,17.7
1919-09-01,9.01,0.54,17.8
1919-01-01,9.47,0.5367,18.1
1919-11-01,9.19,0.5333,18.5
1919-12-01,8.92,0.53,18.9
1920-01-01,8.83,0.5283,19.3
1920-02-01,8.1,0.5267,19.5
1920-03-01,8.67,0.525,19.7
1920-04-01,8.6,0.5233,20.3
1920-05-01,8.06,0.5217,20.6
1920-06-01,7.92,0.52,20.9
1920-07-01,7.91,0.5183,20.8
1920-08-01,7.6,0.5167,20.3
1920-09-01,7.87,0.515,20.0
1920-01-01,7.88,0.5133,19.9
1920-11-01,7.48,0.5117,19.8
1920-12-01,6.81,0.51,19.4
1921-01-01,7.11,0.5058,19.0
1921-02-01,7.06,0.5017,18.4
1921-03-01,6.88,0.4975,18.3
1921-04-01,6.91,0.4933,18.1
1921-05-01,7.12,0.4892,17.7
1921-06-01,6.55,0.485,17.6
1921-07-01,6.53,0.4808,17.7
1921-08-01,6.45,0.4767,17.7
1921-09-01,6.61,0.4725,17.5
1921-01-01,6.7,0.4683,17.5
1921-11-01,7.06,0.4642,17.4
1921-12-01,7.31,0.46,17.3
1922-01-01,7.3,0.4642,16.9
1922-02-01,7.46,0.4683,16.9
1922-03-01,7.74,0.4725,16.7
1922-04-01,8.21,0.4767,16.7
1922-05-01,8.53,0.4808,16.7
1922-06-01,8.45,0.485,16.7
1922-07-01,8.51,0.4892,16.8
1922-08-01,8.83,0.4933,16.6
1922-09-01,9.06,0.4975,16.6
1922-01-01,9.26,0.5017,16.7
1922-11-01,8.8,0.5058,16.8
1922-12-01,8.78,0.51,16.9
1923-01-01,8.9,0.5117,16.8
1923-02-01,9.28,0.5133,16.8
1923-03-01,9.43,0.515,16.8
1923-04-01,9.1,0.5167,16.9
1923-05-01,8.67,0.5183,16.9
1923-06-01,8.34,0.52,17.0
1923-07-01,8.06,0.5217,17.2
1923-08-01,8.1,0.5233,17.1
1923-09-01,8.15,0.525,17.2
1923-01-01,8.03,0.5267,17.3
1923-11-01,8.27,0.5283,17.3
1923-12-01,8.55,0.53,17.3
1924-01-01,8.83,0.5317,17.3
1924-02-01,8.87,0.5333,17.2
1924-03-01,8.7,0.535,17.1
1924-04-01,8.5,0.5367,17.0
1924-05-01,8.47,0.5383,17.0
1924-06-01,8.63,0.54,17.0
1924-07-01,9.03,0.5417,17.1
1924-08-01,9.34,0.5433,17.0
1924-09-01,9.25,0.545,17.1
1924-01-01,9.13,0.5467,17.2
1924-11-01,9.64,0.5483,17.2
1924-12-01,10.16,0.55,17.3
1925-01-01,10.58,0.5542,17.3
1925-02-01,10.67,0.5583,17.2
1925-03-01,10.39,0.5625,17.3
1925-04-01,10.28,0.5667,17.2
1925-05-01,10.61,0.5708,17.3
1925-06-01,10.8,0.575,17.5
1925-07-01,11.1,0.5792,17.7
1925-08-01,11.25,0.5833,17.7
1925-09-01,11.51,0.5875,17.7
1925-01-01,11.89,0.5917,17.7
1925-11-01,12.26,0.5958,18.0
1925-12-01,12.46,0.6,17.9
1926-01-01,12.65,0.6075,17.9
1926-02-01,12.67,0.615,17.9
1926-03-01,11.81,0.6225,17.8
1926-04-01,11.48,0.63,17.9
1926-05-01,11.56,0.6375,17.8
1926-06-01,12.11,0.645,17.7
1926-07-01,12.62,0.6525,17.5
1926-08-01,13.12,0.66,17.4
1926-09-01,13.32,0.6675,17.5
1926-01-01,13.02,0.675,17.6
1926-11-01,13.19,0.6825,17.7
1926-12-01,13.49,0.69,17.7
1927-01-01,13.4,0.6967,17.5
1927-02-01,13.66,0.7033,17.4
1927-03-01,13.87,0.71,17.3
1927-04-01,14.21,0.7167,17.3
1927-05-01,14.7,0.7233,17.4
1927-06-01,14.89,0.73,17.6
1927-07-01,15.22,0.7367,17.3
1927-08-01,16.03,0.7433,17.2
1927-09-01,16.94,0.75,17.3
1927-01-01,16.68,0.7567,17.4
1927-11-01,17.06,0.7633,17.3
1927-12-01,17.46,0.77,17.3
1928-01-01,17.53,0.7767,17.3
1928-02-01,17.32,0.7833,17.1
1928-03-01,18.25,0.79,17.1
1928-04-01,19.4,0.7967,17.1
1928-05-01,20.0,0.8033,17.2
1928-06-01,19.02,0.81,17.1
1928-07-01,19.16,0.8167,17.1
1928-08-01,19.78,0.8233,17.1
1928-09-01,21.17,0.83,17.3
1928-01-01,21.6,0.8367,17.2
1928-11-01,23.06,0.8433,17.2
1928-12-01,23.15,0.85,17.1
1929-01-01,24.86,0.86,17.1
1929-02-01,24.99,0.87,17.1
1929-03-01,25.43,0.88,17.0
1929-04-01,25.28,0.89,16.9
1929-05-01,25.66,0.9,17.0
1929-06-01,26.15,0.91,17.1
1929-07-01,28.48,0.92,17.3
1929-08-01,30.1,0.93,17.3
1929-09-01,31.3,0.94,17.3
1929-01-01,27.99,0.95,17.3
1929-11-01,20.58,0.96,17.3
1929-12-01,21.4,0.97,17.2
1930-01-01,21.71,0.9708,17.1
1930-02-01,23.07,0.9717,17.0
1930-03-01,23.94,0.9725,16.9
1930-04-01,25.46,0.9733,17.0
1930-05-01,23.94,0.9742,16.9
1930-06-01,21.52,0.975,16.8
1930-07-01,21.06,0.9758,16.6
1930-08-01,20.79,0.9767,16.5
1930-09-01,20.78,0.9775,16.6
1930-01-01,17.92,0.9783,16.5
1930-11-01,16.62,0.9792,16.4
1930-12-01,15.51,0.98,16.1
1931-01-01,15.98,0.9667,15.9
1931-02-01,17.2,0.9533,15.7
1931-03-01,17.53,0.94,15.6
1931-04-01,15.86,0.9267,15.5
1931-05-01,14.33,0.9133,15.3
1931-06-01,13.87,0.9,15.1
1931-07-01,14.33,0.8867,15.1
1931-08-01,13.9,0.8733,15.1
1931-09-01,11.83,0.86,15.0
1931-01-01,10.25,0.8467,14.9
1931-11-01,10.39,0.8333,14.7
1931-12-01,8.44,0.82,14.6
1932-01-01,8.3,0.7933,14.3
1932-02-01,8.23,0.7667,14.1
1932-03-01,8.26,0.74,14.0
1932-04-01,6.28,0.7133,13.9
1932-05-01,5.51,0.6867,13.7
1932-06-01,4.77,0.66,13.6
1932-07-01,5.01,0.6333,13.6
1932-08-01,7.53,0.6067,13.5
1932-09-01,8.26,0.58,13.4
1932-01-01,7.12,0.5533,13.3
1932-11-01,7.05,0.5267,13.2
1932-12-01,6.82,0.5,13.1
1933-01-01,7.09,0.495,12.9
1933-02-01,6.25,0.49,12.7
1933-03-01,6.23,0.485,12.6
1933-04-01,6.89,0.48,12.6
1933-05-01,8.87,0.475,12.6
1933-06-01,10.39,0.47,12.7
1933-07-01,11.23,0.465,13.1
1933-08-01,10.67,0.46,13.2
1933-09-01,10.58,0.455,13.2
1933-01-01,9.55,0.45,13.2
1933-11-01,9.78,0.445,13.2
1933-12-01,9.97,0.44,13.2
1934-01-01,10.54,0.4408,13.2
1934-02-01,11.32,0.4417,13.3
1934-03-01,10.74,0.4425,13.3
1934-04-01,10.92,0.4433,13.3
1934-05-01,9.81,0.4442,13.3
1934-06-01,9.94,0.445,13.4
1934-07-01,9.47,0.4458,13.4
1934-08-01,9.1,0.4467,13.4
1934-09-01,8.88,0.4475,13.6
1934-01-01,8.95,0.4483,13.5
1934-11-01,9.2,0.4492,13.5
1934-12-01,9.26,0.45,13.4
1935-01-01,9.26,0.45,13.6
1935-02-01,8.98,0.45,13.7
1935-03-01,8.41,0.45,13.7
1935-04-01,9.04,0.446667,13.8
1935-05-01,9.75,0.443333,13.8
1935-06-01,10.12,0.44,13.7
1935-07-01,10.65,0.44,13.7
1935-08-01,11.37,0.44,13.7
1935-09-01,11.61,0.44,13.7
1935-01-01,11.92,0.45,13.7
1935-11-01,13.04,0.46,13.8
1935-12-01,13.04,0.47,13.8
1936-01-01,13.76,0.48,13.8
1936-02-01,14.55,0.49,13.8
1936-03-01,14.86,0.5,13.7
1936-04-01,14.88,0.516667,13.7
1936-05-01,14.09,0.533333,13.7
1936-06-01,14.69,0.55,13.8
1936-07-01,15.56,0.57,13.9
1936-08-01,15.87,0.59,14.0
1936-09-01,16.05,0.61,14.0
1936-01-01,16.89,0.646667,14.0
1936-11-01,17.36,0.683333,14.0
1936-12-01,17.06,0.72,14.0
1937-01-01,17.59,0.73,14.1
1937-02-01,18.11,0.74,14.1
1937-03-01,18.09,0.75,14.2
1937-04-01,17.01,0.78,14.3
1937-05-01,16.25,0.81,14.4
1937-06-01,15.64,0.84,14.4
1937-07-01,16.57,0.816667,14.5
1937-08-01,16.74,0.793333,14.5
1937-09-01,14.37,0.77,14.6
1937-01-01,12.28,0.78,14.6
1937-11-01,11.2,0.79,14.5
1937-12-01,11.02,0.8,14.4
1938-01-01,11.31,0.793333,14.2
1938-02-01,11.04,0.786667,14.1
1938-03-01,10.31,0.78,14.1
1938-04-01,9.89,0.766667,14.2
1938-05-01,9.98,0.753333,14.1
1938-06-01,10.21,0.74,14.1
1938-07-01,12.24,0.713333,14.1
1938-08-01,12.31,0.686667,14.1
1938-09-01,11.75,0.66,14.1
1938-01-01,13.06,0.61,14.0
1938-11-01,13.07,0.56,14.0
1938-12-01,12.69,0.51,14.0
1939-01-01,12.5,0.513333,14.0
1939-02-01,12.4,0.516667,13.9
1939-03-01,12.39,0.52,13.9
1939-04-01,10.83,0.523333,13.8
1939-05-01,11.23,0.526667,13.8
1939-06-01,11.43,0.53,13.8
1939-07-01,11.71,0.54,13.8
1939-08-01,11.54,0.55,13.8
1939-09-01,12.77,0.56,14.1
1939-01-01,12.9,0.58,14.0
1939-11-01,12.67,0.6,14.0
1939-12-01,12.37,0.62,14.0
1940-01-01,12.3,0.623333,13.9
1940-02-01,12.22,0.626667,14.0
1940-03-01,12.15,0.63,14.0
1940-04-01,12.27,0.636667,14.0
1940-05-01,10.58,0.643333,14.0
1940-06-01,9.67,0.65,14.1
1940-07-01,9.99,0.656667,14.0
1940-08-01,10.2,0.663333,14.0
1940-09-01,10.63,0.67,14.0
1940-01-01,10.73,0.67,14.0
1940-11-01,10.98,0.67,14.0
1940-12-01,10.53,0.67,14.1
1941-01-01,10.55,0.673333,14.1
1941-02-01,9.89,0.676667,14.1
1941-03-01,9.95,0.68,14.2
1941-04-01,9.64,0.683333,14.3
1941-05-01,9.43,0.686667,14.4
1941-06-01,9.76,0.69,14.7
1941-07-01,10.26,0.693333,14.7
1941-08-01,10.21,0.696667,14.9
1941-09-01,10.24,0.7,15.1
1941-01-01,9.83,0.703333,15.3
1941-11-01,9.37,0.706667,15.4
1941-12-01,8.76,0.71,15.5
1942-01-01,8.93,0.703333,15.7
1942-02-01,8.65,0.696667,15.8
1942-03-01,8.18,0.69,16.0
1942-04-01,7.84,0.68,16.1
1942-05-01,7.93,0.67,16.3
1942-06-01,8.33,0.66,16.3
1942-07-01,8.64,0.646667,16.4
1942-08-01,8.59,0.633333,16.5
1942-09-01,8.68,0.62,16.5
1942-01-01,9.32,0.61,16.7
1942-11-01,9.47,0.6,16.8
1942-12-01,9.52,0.59,16.9
1943-01-01,10.09,0.59,16.9
1943-02-01,10.69,0.59,16.9
1943-03-01,11.07,0.59,17.2
1943-04-01,11.44,0.59,17.4
1943-05-01,11.89,0.59,17.5
1943-06-01,12.1,0.59,17.5
1943-07-01,12.35,0.593333,17.4
1943-08-01,11.74,0.596667,17.3
1943-09-01,11.99,0.6,17.4
1943-01-01,11.88,0.603333,17.4
1943-11-01,11.33,0.606667,17.4
1943-12-01,11.48,0.61,17.4
1944-01-01,11.85,0.613333,17.4
1944-02-01,11.77,0.616667,17.4
1944-03-01,12.1,0.62,17.4
1944-04-01,11.89,0.623333,17.5
1944-05-01,12.1,0.626667,17.5
1944-06-01,12.67,0.63,17.6
1944-07-01,13.0,0.633333,17.7
1944-08-01,12.81,0.636667,17.7
1944-09-01,12.6,0.64,17.7
1944-01-01,12.91,0.64,17.7
1944-11-01,12.82,0.64,17.7
1944-12-01,13.1,0.64,17.8
1945-01-01,13.49,0.643333,17.8
1945-02-01,13.94,0.646667,17.8
1945-03-01,13.93,0.65,17.8
1945-04-01,14.28,0.65,17.8
1945-05-01,14.82,0.65,17.9
1945-06-01,15.09,0.65,18.1
1945-07-01,14.78,0.653333,18.1
1945-08-01,14.83,0.656667,18.1
1945-09-01,15.84,0.66,18.1
1945-01-01,16.5,0.66,18.1
1945-11-01,17.04,0.66,18.1
1945-12-01,17.33,0.66,18.2
1946-01-01,18.02,0.666667,18.2
1946-02-01,18.07,0.673333,18.1
1946-03-01,17.53,0.68,18.3
1946-04-01,18.66,0.68,18.4
1946-05-01,18.7,0.68,18.5
1946-06-01,18.58,0.68,18.7
1946-07-01,18.05,0.683333,19.8
1946-08-01,17.7,0.686667,20.2
1946-09-01,15.09,0.69,20.4
1946-01-01,14.75,0.696667,20.8
1946-11-01,14.69,0.703333,21.3
1946-12-01,15.13,0.71,21.5
1947-01-01,15.21,0.713333,21.5
1947-02-01,15.8,0.716667,21.5
1947-03-01,15.16,0.72,21.9
1947-04-01,14.6,0.733333,21.9
1947-05-01,14.34,0.746667,21.9
1947-06-01,14.84,0.76,22.0
1947-07-01,15.77,0.77,22.2
1947-08-01,15.46,0.78,22.5
1947-09-01,15.06,0.79,23.0
1947-01-01,15.45,0.806667,23.0
1947-11-01,15.27,0.823333,23.1
1947-12-01,15.03,0.84,23.4
1948-01-01,14.83,0.843333,23.7
1948-02-01,14.1,0.846667,23.5
1948-03-01,14.3,0.85,23.4
1948-04-01,15.4,0.85,23.8
1948-05-01,16.15,0.85,23.9
1948-06-01,16.82,0.85,24.1
1948-07-01,16.42,0.856667,24.4
1948-08-01,15.94,0.863333,24.5
1948-09-01,15.76,0.87,24.5
1948-01-01,16.19,0.89,24.4
1948-11-01,15.29,0.91,24.2
1948-12-01,15.19,0.93,24.1
1949-01-01,15.36,0.946667,24.0
1949-02-01,14.77,0.963333,23.8
1949-03-01,14.91,0.98,23.8
1949-04-01,14.89,0.993333,23.9
1949-05-01,14.78,1.00667,23.8
1949-06-01,13.97,1.02,23.9
1949-07-01,14.76,1.02667,23.7
1949-08-01,15.29,1.03333,23.8
1949-09-01,15.49,1.04,23.9
1949-01-01,15.89,1.07333,23.7
1949-11-01,16.11,1.10667,23.8
1949-12-01,16.54,1.14,23.6
1950-01-01,16.88,1.15,23.5
1950-02-01,17.21,1.16,23.5
1950-03-01,17.35,1.17,23.6
1950-04-01,17.84,1.18,23.6
1950-05-01,18.44,1.19,23.7
1950-06-01,18.74,1.2,23.8
1950-07-01,17.38,1.24333,24.1
1950-08-01,18.43,1.28667,24.3
1950-09-01,19.08,1.33,24.4
1950-01-01,19.87,1.37667,24.6
1950-11-01,19.83,1.42333,24.7
1950-12-01,19.75,1.47,25.0
1951-01-01,21.21,1.48667,25.4
1951-02-01,22.0,1.50333,25.7
1951-03-01,21.63,1.52,25.8
1951-04-01,21.92,1.53333,25.8
1951-05-01,21.93,1.54667,25.9
1951-06-01,21.55,1.56,25.9
1951-07-01,21.93,1.54667,25.9
1951-08-01,22.89,1.53333,25.9
1951-09-01,23.48,1.52,26.1
1951-01-01,23.36,1.48333,26.2
1951-11-01,22.71,1.44667,26.4
1951-12-01,23.41,1.41,26.5
1952-01-01,24.19,1.41333,26.5
1952-02-01,23.75,1.41667,26.3
1952-03-01,23.81,1.42,26.3
1952-04-01,23.74,1.43,26.4
1952-05-01,23.73,1.44,26.4
1952-06-01,24.38,1.45,26.5
1952-07-01,25.08,1.45,26.7
1952-08-01,25.18,1.45,26.7
1952-09-01,24.78,1.45,26.7
1952-01-01,24.26,1.43667,26.7
1952-11-01,25.03,1.42333,26.7
1952-12-01,26.04,1.41,26.7
1953-01-01,26.18,1.41,26.6
1953-02-01,25.86,1.41,26.5
1953-03-01,25.99,1.41,26.6
1953-04-01,24.71,1.41333,26.6
1953-05-01,24.84,1.41667,26.7
1953-06-01,23.95,1.42,26.8
1953-07-01,24.29,1.42,26.8
1953-08-01,24.39,1.42,26.9
1953-09-01,23.27,1.42,26.9
1953-01-01,23.97,1.43,27.0
1953-11-01,24.5,1.44,26.9
1953-12-01,24.83,1.45,26.9
1954-01-01,25.46,1.45667,26.9
1954-02-01,26.02,1.46333,26.9
1954-03-01,26.57,1.47,26.9
1954-04-01,27.63,1.46333,26.8
1954-05-01,28.73,1.45667,26.9
1954-06-01,28.96,1.45,26.9
1954-07-01,30.13,1.45667,26.9
1954-08-01,30.73,1.46333,26.9
1954-09-01,31.45,1.47,26.8
1954-01-01,32.18,1.49333,26.8
1954-11-01,33.44,1.51667,26.8
1954-12-01,34.97,1.54,26.7
1955-01-01,35.6,1.54667,26.7
1955-02-01,36.79,1.55333,26.7
1955-03-01,36.5,1.56,26.7
1955-04-01,37.76,1.56333,26.7
1955-05-01,37.6,1.56667,26.7
1955-06-01,39.78,1.57,26.7
1955-07-01,42.69,1.58667,26.8
1955-08-01,42.43,1.60333,26.8
1955-09-01,44.34,1.62,26.9
1955-01-01,42.11,1.62667,26.9
1955-11-01,44.95,1.63333,26.9
1955-12-01,45.37,1.64,26.8
1956-01-01,44.15,1.67,26.8
1956-02-01,44.43,1.7,26.8
1956-03-01,47.49,1.73,26.8
1956-04-01,48.05,1.75333,26.9
1956-05-01,46.54,1.77667,27.0
1956-06-01,46.27,1.8,27.2
1956-07-01,48.78,1.81333,27.4
1956-08-01,48.49,1.82667,27.3
1956-09-01,46.84,1.84,27.4
1956-01-01,46.24,1.80667,27.5
1956-11-01,45.76,1.77333,27.5
1956-12-01,46.44,1.74,27.6
1957-01-01,45.43,1.73667,27.6
1957-02-01,43.47,1.73333,27.7
1957-03-01,44.03,1.73,27.8
1957-04-01,45.05,1.73,27.9
1957-05-01,46.78,1.73,28.0
1957-06-01,47.55,1.73,28.1
1957-07-01,48.51,1.74,28.3
1957-08-01,45.84,1.75,28.3
1957-09-01,43.98,1.76,28.3
1957-01-01,41.24,1.77,28.3
1957-11-01,40.35,1.78,28.4
1957-12-01,40.33,1.79,28.4
1958-01-01,41.12,1.78333,28.6
1958-02-01,41.26,1.77667,28.6
1958-03-01,42.11,1.77,28.8
1958-04-01,42.34,1.75667,28.9
1958-05-01,43.7,1.74333,28.9
1958-06-01,44.75,1.73,28.9
1958-07-01,45.98,1.73,29.0
1958-08-01,47.7,1.73,28.9
1958-09-01,48.96,1.73,28.9
1958-01-01,50.95,1.73667,28.9
1958-11-01,52.5,1.74333,29.0
1958-12-01,53.49,1.75,28.9
1959-01-01,55.62,1.75667,29.0
1959-02-01,54.77,1.76333,28.9
1959-03-01,56.16,1.77,28.9
1959-04-01,57.1,1.77667,29.0
1959-05-01,57.96,1.78333,29.0
1959-06-01,57.46,1.79,29.1
1959-07-01,59.74,1.79667,29.2
1959-08-01,59.4,1.80333,29.2
1959-09-01,57.05,1.81,29.3
1959-01-01,57.0,1.81667,29.4
1959-11-01,57.23,1.82333,29.4
1959-12-01,59.06,1.83,29.4
1960-01-01,58.03,1.86667,29.3
1960-02-01,55.78,1.90333,29.4
1960-03-01,55.02,1.94,29.4
1960-04-01,55.73,1.94333,29.5
1960-05-01,55.22,1.94667,29.5
1960-06-01,57.26,1.95,29.6
1960-07-01,55.84,1.95,29.6
1960-08-01,56.51,1.95,29.6
1960-09-01,54.81,1.95,29.6
1960-01-01,53.73,1.95,29.8
1960-11-01,55.47,1.95,29.8
1960-12-01,56.8,1.95,29.8
1961-01-01,59.72,1.94667,29.8
1961-02-01,62.17,1.94333,29.8
1961-03-01,64.12,1.94,29.8
1961-04-01,65.83,1.94,29.8
1961-05-01,66.5,1.94,29.8
1961-06-01,65.62,1.94,29.8
1961-07-01,65.44,1.94667,30.0
1961-08-01,67.79,1.95333,29.9
1961-09-01,67.26,1.96,30.0
1961-01-01,68.0,1.98,30.0
1961-11-01,71.08,2.0,30.0
1961-12-01,71.74,2.02,30.0
1962-01-01,69.07,2.02667,30.0
1962-02-01,70.22,2.03333,30.1
1962-03-01,70.29,2.04,30.1
1962-04-01,68.05,2.04667,30.2
1962-05-01,62.99,2.05333,30.2
1962-06-01,55.63,2.06,30.2
1962-07-01,56.97,2.06667,30.3
1962-08-01,58.52,2.07333,30.3
1962-09-01,58.0,2.08,30.4
1962-01-01,56.17,2.09667,30.4
1962-11-01,60.04,2.11333,30.4
1962-12-01,62.64,2.13,30.4
1963-01-01,65.06,2.13667,30.4
1963-02-01,65.92,2.14333,30.4
1963-03-01,65.67,2.15,30.5
1963-04-01,68.76,2.16667,30.5
1963-05-01,70.14,2.18333,30.5
1963-06-01,70.11,2.2,30.6
1963-07-01,69.07,2.20333,30.7
1963-08-01,70.98,2.20667,30.7
1963-09-01,72.85,2.21,30.7
1963-01-01,73.03,2.23333,30.8
1963-11-01,72.62,2.25667,30.8
1963-12-01,74.17,2.28,30.9
1964-01-01,76.45,2.29667,30.9
1964-02-01,77.39,2.31333,30.9
1964-03-01,78.8,2.33,30.9
1964-04-01,79.94,2.34667,30.9
1964-05-01,80.72,2.36333,30.9
1964-06-01,80.24,2.38,31.0
1964-07-01,83.22,2.4,31.1
1964-08-01,82.0,2.42,31.0
1964-09-01,83.41,2.44,31.1
1964-01-01,84.85,2.46,31.1
1964-11-01,85.44,2.48,31.2
1964-12-01,83.96,2.5,31.2
1965-01-01,86.12,2.51667,31.2
1965-02-01,86.75,2.53333,31.2
1965-03-01,86.83,2.55,31.3
1965-04-01,87.97,2.57,31.4
1965-05-01,89.28,2.59,31.4
1965-06-01,85.04,2.61,31.6
1965-07-01,84.91,2.62667,31.6
1965-08-01,86.49,2.64333,31.6
1965-09-01,89.38,2.66,31.6
1965-01-01,91.39,2.68,31.7
1965-11-01,92.15,2.7,31.7
1965-12-01,91.73,2.72,31.8
1966-01-01,93.32,2.74,31.8
1966-02-01,92.69,2.76,32.0
1966-03-01,88.88,2.78,32.1
1966-04-01,91.6,2.79667,32.3
1966-05-01,86.78,2.81333,32.3
1966-06-01,86.06,2.83,32.4
1966-07-01,85.84,2.85,32.5
1966-08-01,80.65,2.87,32.7
1966-09-01,77.81,2.89,32.7
1966-01-01,77.13,2.88333,32.9
1966-11-01,80.99,2.87667,32.9
1966-12-01,81.33,2.87,32.9
1967-01-01,84.45,2.88,32.9
1967-02-01,87.36,2.89,32.9
1967-03-01,89.42,2.9,33.0
1967-04-01,90.96,2.9,33.1
1967-05-01,92.59,2.9,33.2
1967-06-01,91.43,2.9,33.3
1967-07-01,93.01,2.90667,33.4
1967-08-01,94.49,2.91333,33.5
1967-09-01,95.81,2.92,33.6
1967-01-01,95.66,2.92,33.7
1967-11-01,92.66,2.92,33.8
1967-12-01,95.3,2.92,33.9
1968-01-01,95.04,2.93,34.1
1968-02-01,90.75,2.94,34.2
1968-03-01,89.09,2.95,34.3
1968-04-01,95.67,2.96333,34.4
1968-05-01,97.87,2.97667,34.5
1968-06-01,100.5,2.99,34.7
1968-07-01,100.3,3.00333,34.9
1968-08-01,98.11,3.01667,35.0
1968-09-01,101.3,3.03,35.1
1968-01-01,103.8,3.04333,35.3
1968-11-01,105.4,3.05667,35.4
1968-12-01,106.5,3.07,35.5
1969-01-01,102.0,3.08,35.6
1969-02-01,101.5,3.09,35.8
1969-03-01,99.3,3.1,36.1
1969-04-01,101.3,3.11,36.3
1969-05-01,104.6,3.12,36.4
1969-06-01,99.14,3.13,36.6
1969-07-01,94.71,3.13667,36.8
1969-08-01,94.18,3.14333,37.0
1969-09-01,94.51,3.15,37.1
1969-01-01,95.52,3.15333,37.3
1969-11-01,96.21,3.15667,37.5
1969-12-01,91.11,3.16,37.7
1970-01-01,90.31,3.16333,37.8
1970-02-01,87.16,3.16667,38.0
1970-03-01,88.65,3.17,38.2
1970-04-01,85.95,3.17333,38.5
1970-05-01,76.06,3.17667,38.6
1970-06-01,75.59,3.18,38.8
1970-07-01,75.72,3.18333,39.0
1970-08-01,77.92,3.18667,39.0
1970-09-01,82.58,3.19,39.2
1970-01-01,84.37,3.17333,39.4
1970-11-01,84.28,3.15667,39.6
1970-12-01,90.05,3.14,39.8
1971-01-01,93.49,3.13,39.8
1971-02-01,97.11,3.12,39.9
1971-03-01,99.6,3.11,40.0
1971-04-01,103.0,3.10667,40.1
1971-05-01,101.6,3.10333,40.3
1971-06-01,99.72,3.1,40.6
1971-07-01,99.0,3.09667,40.7
1971-08-01,97.24,3.09333,40.8
1971-09-01,99.4,3.09,40.8
1971-01-01,97.29,3.08333,40.9
1971-11-01,92.78,3.07667,40.9
1971-12-01,99.17,3.07,41.1
1972-01-01,103.3,3.07,41.1
1972-02-01,105.2,3.07,41.3
1972-03-01,107.7,3.07,41.4
1972-04-01,108.8,3.07,41.5
1972-05-01,107.7,3.07,41.6
1972-06-01,108.0,3.07,41.7
1972-07-01,107.2,3.07333,41.9
1972-08-01,111.0,3.07667,42.0
1972-09-01,109.4,3.08,42.1
1972-01-01,109.6,3.10333,42.3
1972-11-01,115.1,3.12667,42.4
1972-12-01,117.5,3.15,42.5
1973-01-01,118.4,3.15667,42.6
1973-02-01,114.2,3.16333,42.9
1973-03-01,112.4,3.17,43.3
1973-04-01,110.3,3.18667,43.6
1973-05-01,107.2,3.20333,43.9
1973-06-01,104.8,3.22,44.2
1973-07-01,105.8,3.23667,44.3
1973-08-01,103.8,3.25333,45.1
1973-09-01,105.6,3.27,45.2
1973-01-01,109.8,3.30667,45.6
1973-11-01,102.0,3.34333,45.9
1973-12-01,94.78,3.38,46.2
1974-01-01,96.11,3.4,46.6
1974-02-01,93.45,3.42,47.2
1974-03-01,97.44,3.44,47.8
1974-04-01,92.46,3.46,48.0
1974-05-01,89.67,3.48,48.6
1974-06-01,89.79,3.5,49.0
1974-07-01,79.31,3.53,49.4
1974-08-01,76.03,3.56,50.0
1974-09-01,68.12,3.59,50.6
1974-01-01,69.44,3.59333,51.1
1974-11-01,71.74,3.59667,51.5
1974-12-01,67.07,3.6,51.9
1975-01-01,72.56,3.62333,52.1
1975-02-01,80.1,3.64667,52.5
1975-03-01,83.78,3.67,52.7
1975-04-01,84.72,3.68333,52.9
1975-05-01,90.1,3.69667,53.2
1975-06-01,92.4,3.71,53.6
1975-07-01,92.49,3.71,54.2
1975-08-01,85.71,3.71,54.3
1975-09-01,84.67,3.71,54.6
1975-01-01,88.57,3.7,54.9
1975-11-01,90.07,3.69,55.3
1975-12-01,88.7,3.68,55.5
1976-01-01,96.86,3.68333,55.6
1976-02-01,100.6,3.68667,55.8
1976-03-01,101.1,3.69,55.9
1976-04-01,101.9,3.71333,56.1
1976-05-01,101.2,3.73667,56.5
1976-06-01,101.8,3.76,56.8
1976-07-01,104.2,3.79,57.1
1976-08-01,103.3,3.82,57.4
1976-09-01,105.5,3.85,57.6
1976-01-01,101.9,3.91667,57.9
1976-11-01,101.2,3.98333,58.0
1976-12-01,104.7,4.05,58.2
1977-01-01,103.8,4.09667,58.5
1977-02-01,101.0,4.14333,59.1
1977-03-01,100.6,4.19,59.5
1977-04-01,99.05,4.24667,60.0
1977-05-01,98.76,4.30333,60.3
1977-06-01,99.29,4.36,60.7
1977-07-01,100.2,4.40667,61.0
1977-08-01,97.75,4.45333,61.2
1977-09-01,96.23,4.5,61.4
1977-01-01,93.74,4.55667,61.6
1977-11-01,94.28,4.61333,61.9
1977-12-01,93.82,4.67,62.1
1978-01-01,90.25,4.71333,62.5
1978-02-01,88.98,4.75667,62.9
1978-03-01,88.82,4.8,63.4
1978-04-01,92.71,4.83667,63.9
1978-05-01,97.41,4.87333,64.5
1978-06-01,97.66,4.91,65.2
1978-07-01,97.19,4.94667,65.7
1978-08-01,103.9,4.98333,66.0
1978-09-01,103.9,5.02,66.5
1978-01-01,100.6,5.03667,67.1
1978-11-01,94.71,5.05333,67.4
1978-12-01,96.11,5.07,67.7
1979-01-01,99.71,5.11333,68.3
1979-02-01,98.23,5.15667,69.1
1979-03-01,100.1,5.2,69.8
1979-04-01,102.1,5.24667,70.6
1979-05-01,99.73,5.29333,71.5
1979-06-01,101.7,5.34,72.3
1979-07-01,102.7,5.39667,73.1
1979-08-01,107.4,5.45333,73.8
1979-09-01,108.6,5.51,74.6
1979-01-01,104.5,5.55667,75.2
1979-11-01,103.7,5.60333,75.9
1979-12-01,107.8,5.65,76.7
1980-01-01,110.9,5.7,77.8
1980-02-01,115.3,5.75,78.9
1980-03-01,104.7,5.8,80.1
1980-04-01,103.0,5.84667,81.0
1980-05-01,107.7,5.89333,81.8
1980-06-01,114.6,5.94,82.7
1980-07-01,119.8,5.98333,82.7
1980-08-01,123.5,6.02667,83.3
1980-09-01,126.5,6.07,84.0
1980-01-01,130.2,6.1,84.8
1980-11-01,135.7,6.13,85.5
1980-12-01,133.5,6.16,86.3
1981-01-01,133.0,6.2,87.0
1981-02-01,128.4,6.24,87.9
1981-03-01,133.2,6.28,88.5
1981-04-01,134.4,6.31667,89.1
1981-05-01,131.7,6.35333,89.8
1981-06-01,132.3,6.39,90.6
1981-07-01,129.1,6.43333,91.6
1981-08-01,129.6,6.47667,92.3
1981-09-01,118.3,6.52,93.2
1981-01-01,119.8,6.55667,93.4
1981-11-01,122.9,6.59333,93.7
1981-12-01,123.8,6.63,94.0
1982-01-01,117.3,6.66,94.3
1982-02-01,114.5,6.69,94.6
1982-03-01,110.8,6.72,94.5
1982-04-01,116.3,6.75,94.9
1982-05-01,116.4,6.78,95.8
1982-06-01,109.7,6.81,97.0
1982-07-01,109.4,6.82333,97.5
1982-08-01,109.7,6.83667,97.7
1982-09-01,122.4,6.85,97.9
1982-01-01,132.7,6.85667,98.2
1982-11-01,138.1,6.86333,98.0
1982-12-01,139.4,6.87,97.6
1983-01-01,144.3,6.88333,97.8
1983-02-01,146.8,6.89667,97.9
1983-03-01,151.9,6.91,97.9
1983-04-01,157.7,6.92,98.6
1983-05-01,164.1,6.93,99.2
1983-06-01,166.4,6.94,99.5
1983-07-01,167.0,6.96,99.9
1983-08-01,162.4,6.98,100.2
1983-09-01,167.2,7.0,100.7
1983-01-01,167.7,7.03,101.0
1983-11-01,165.2,7.06,101.2
1983-12-01,164.4,7.09,101.3
1984-01-01,166.4,7.12,101.9
1984-02-01,157.3,7.15,102.4
1984-03-01,157.4,7.18,102.6
1984-04-01,157.6,7.22333,103.1
1984-05-01,156.6,7.26667,103.4
1984-06-01,153.1,7.31,103.7
1984-07-01,151.1,7.33333,104.1
1984-08-01,164.4,7.35667,104.5
1984-09-01,166.1,7.38,105.0
1984-01-01,164.8,7.43,105.3
1984-11-01,166.3,7.48,105.3
1984-12-01,164.5,7.53,105.3
1985-01-01,171.6,7.57333,105.5
1985-02-01,180.9,7.61667,106.0
1985-03-01,179.4,7.66,106.4
1985-04-01,180.6,7.68667,106.9
1985-05-01,184.9,7.71333,107.3
1985-06-01,188.9,7.74,107.6
1985-07-01,192.5,7.77333,107.8
1985-08-01,188.3,7.80667,108.0
1985-09-01,184.1,7.84,108.3
1985-01-01,186.2,7.86,108.7
1985-11-01,197.5,7.88,109.0
1985-12-01,207.3,7.9,109.3
1986-01-01,208.2,7.94,109.6
1986-02-01,219.4,7.98,109.3
1986-03-01,232.3,8.02,108.8
1986-04-01,238.0,8.04667,108.6
1986-05-01,238.5,8.07333,108.9
1986-06-01,245.3,8.1,109.5
1986-07-01,240.2,8.14333,109.5
1986-08-01,245.0,8.18667,109.7
1986-09-01,238.3,8.23,110.2
1986-01-01,237.4,8.24667,110.3
1986-11-01,245.1,8.26333,110.4
1986-12-01,248.6,8.28,110.5
1987-01-01,264.5,8.3,111.2
1987-02-01,280.9,8.32,111.6
1987-03-01,292.5,8.34,112.1
1987-04-01,289.3,8.4,112.7
1987-05-01,289.1,8.46,113.1
1987-06-01,301.4,8.52,113.5
1987-07-01,310.1,8.56667,113.8
1987-08-01,329.4,8.61333,114.4
1987-09-01,318.7,8.66,115.0
1987-01-01,280.2,8.71,115.3
1987-11-01,245.0,8.76,115.4
1987-12-01,241.0,8.81,115.4
1988-01-01,250.5,8.85667,115.7
1988-02-01,258.1,8.90333,116.0
1988-03-01,265.7,8.95,116.5
1988-04-01,262.6,9.04333,117.1
1988-05-01,256.1,9.13667,117.5
1988-06-01,270.7,9.23,118.0
1988-07-01,269.1,9.30667,118.5
1988-08-01,263.7,9.38333,119.0
1988-09-01,268.0,9.46,119.8
1988-01-01,277.4,9.55,120.2
1988-11-01,271.0,9.64,120.3
1988-12-01,276.5,9.75,120.5
1989-01-01,285.4,9.81333,121.1
1989-02-01,294.0,9.89667,121.6
1989-03-01,292.7,10.01,122.3
1989-04-01,302.3,10.0867,123.1
1989-05-01,313.9,10.1933,123.8
1989-06-01,323.7,10.37,124.1
1989-07-01,331.9,10.4233,124.4
1989-08-01,346.6,10.5467,124.6
1989-09-01,347.3,10.73,125.0
1989-01-01,347.4,10.7967,125.6
1989-11-01,340.2,10.9233,125.9
1989-12-01,348.6,11.06,126.1
1990-01-01,339.97,11.14,127.4
1990-02-01,330.45,11.23,128.0
1990-03-01,338.46,11.32,128.7
1990-04-01,338.18,11.4367,128.9
1990-05-01,350.25,11.5533,129.2
1990-06-01,360.39,11.66,129.9
1990-07-01,360.03,11.7267,130.4
1990-08-01,330.75,11.7833,131.6
1990-09-01,315.41,11.83,132.7
1990-01-01,307.12,11.9267,133.5
1990-11-01,315.29,12.0133,133.8
1990-12-01,328.75,12.09,133.8
1991-01-01,325.49,12.1067,134.6
1991-02-01,362.26,12.1133,134.8
1991-03-01,372.28,12.11,135.0
1991-04-01,379.68,12.13,135.2
1991-05-01,377.99,12.14,135.6
1991-06-01,378.29,12.15,136.0
1991-07-01,380.23,12.1933,136.2
1991-08-01,389.4,12.2367,136.6
1991-09-01,387.2,12.28,137.2
1991-01-01,386.88,12.2533,137.4
1991-11-01,385.92,12.2267,137.8
1991-12-01,388.51,12.2,137.9
1992-01-01,416.08,12.24,138.1
1992-02-01,412.56,12.28,138.6
1992-03-01,407.36,12.32,139.3
1992-04-01,407.41,12.32,139.5
1992-05-01,414.81,12.32,139.7
1992-06-01,408.27,12.32,140.2
1992-07-01,415.05,12.3433,140.5
1992-08-01,417.93,12.3667,140.9
1992-09-01,418.48,12.4,141.3
1992-01-01,412.5,12.3867,141.8
1992-11-01,422.84,12.3833,142.0
1992-12-01,435.64,12.39,141.9
1993-01-01,435.23,12.4133,142.6
1993-02-01,441.7,12.4467,143.1
1993-03-01,450.16,12.48,143.6
1993-04-01,443.08,12.4933,144.0
1993-05-01,445.25,12.5067,144.2
1993-06-01,448.06,12.52,144.4
1993-07-01,447.29,12.52,144.4
1993-08-01,454.13,12.52,144.8
1993-09-01,459.24,12.52,145.1
1993-01-01,463.9,12.54,145.7
1993-11-01,462.89,12.56,145.8
1993-12-01,465.95,12.58,145.8
1994-01-01,472.99,12.6233,146.2
1994-02-01,471.58,12.6667,146.7
1994-03-01,463.81,12.71,147.2
1994-04-01,447.23,12.7533,147.4
1994-05-01,450.9,12.7967,147.5
1994-06-01,454.83,12.84,148.0
1994-07-01,451.4,12.87,148.4
1994-08-01,464.24,12.9,149.0
1994-09-01,466.96,12.92,149.4
1994-01-01,463.81,13.0133,149.5
1994-11-01,461.01,13.0967,149.7
1994-12-01,455.19,13.17,149.7
1995-01-01,465.25,13.18,150.3
1995-02-01,481.92,13.18,150.9
1995-03-01,493.15,13.17,151.4
1995-04-01,507.91,13.2433,151.9
1995-05-01,523.81,13.3067,152.2
1995-06-01,539.35,13.36,152.5
1995-07-01,557.37,13.44,152.5
1995-08-01,559.11,13.51,152.9
1995-09-01,578.77,13.58,153.2
1995-01-01,582.92,13.65,153.7
1995-11-01,595.53,13.72,153.6
1995-12-01,614.57,13.79,153.5
1996-01-01,614.42,13.8933,154.4
1996-02-01,649.54,13.9967,154.9
1996-03-01,647.07,14.1,155.7
1996-04-01,647.17,14.1567,156.3
1996-05-01,661.23,14.2133,156.6
1996-06-01,668.5,14.27,156.7
1996-07-01,644.07,14.4,157.0
1996-08-01,662.68,14.53,157.3
1996-09-01,674.88,14.66,157.8
1996-01-01,701.46,14.74,158.3
1996-11-01,735.67,14.82,158.6
1996-12-01,743.25,14.9,158.6
1997-01-01,766.22,14.9533,159.1
1997-02-01,798.39,15.0067,159.6
1997-03-01,792.16,15.06,160.0
1997-04-01,763.93,15.0933,160.2
1997-05-01,833.09,15.1267,160.1
1997-06-01,876.29,15.16,160.3
1997-07-01,925.29,15.2167,160.5
1997-08-01,927.24,15.2733,160.8
1997-09-01,937.02,15.33,161.2
1997-01-01,951.16,15.3867,161.6
1997-11-01,938.92,15.4433,161.5
1997-12-01,962.37,15.5,161.3
1998-01-01,963.36,15.55,161.6
1998-02-01,1023.74,15.6,161.9
1998-03-01,1076.83,15.64,162.2
1998-04-01,1112.2,15.75,162.5
1998-05-01,1108.42,15.85,162.8
1998-06-01,1108.39,15.95,163.0
1998-07-01,1156.58,16.0167,163.2
1998-08-01,1074.62,16.0833,163.4
1998-09-01,1020.64,16.14,163.6
1998-01-01,1032.47,16.1667,164.0
1998-11-01,1144.43,16.1833,164.0
1998-12-01,1190.05,16.2,163.9
1999-01-01,1248.77,16.28333333,164.3
1999-02-01,1246.58,16.36666667,164.5
1999-03-01,1281.66,16.45,165.0
1999-04-01,1334.76,16.45,166.2
1999-05-01,1332.07,16.45,166.2
1999-06-01,1322.55,16.45,166.2
1999-07-01,1380.99,16.513333333333335,166.7
1999-08-01,1327.49,16.576666666666668,167.1
1999-09-01,1318.17,16.64,167.9
1999-01-01,1300.01,16.656666666666666,168.2
1999-11-01,1391.0,16.673333333333332,168.3
1999-12-01,1428.68,16.69,168.3
2000-01-01,1425.59,16.713333333333335,168.8
2000-02-01,1388.87,16.736666666666668,169.8
2000-03-01,1442.21,16.76,171.2
2000-04-01,1461.36,16.740000000000002,171.3
2000-05-01,1418.48,16.72,171.5
2000-06-01,1461.96,16.7,172.4
2000-07-01,1473.0,16.583333333333332,172.8
2000-08-01,1485.46,16.46666666666667,172.8
2000-09-01,1468.05,16.35,173.7
2000-01-01,1390.14,16.323333333333334,174.0
2000-11-01,1378.04,16.296666666666667,174.1
2000-12-01,1330.93,16.27,174.0
2001-01-01,1335.63,16.169999999999998,175.1
2001-02-01,1305.75,16.07,175.8
2001-03-01,1185.85,15.97,176.2
2001-04-01,1189.84,15.876666666666665,176.9
2001-05-01,1270.37,15.783333333333331,177.7
2001-06-01,1238.71,15.69,178.0
2001-07-01,1204.45,15.706666666666667,177.5
2001-08-01,1178.5,15.723333333333333,177.5
2001-09-01,1044.64,15.74,178.3
2001-01-01,1076.59,15.740000000000002,177.7
2001-11-01,1129.68,15.740000000000002,177.4
2001-12-01,1144.93,15.74,176.7
2002-01-01,1140.21,15.736666666666668,177.1
2002-02-01,1100.67,15.733333333333334,177.8
2002-03-01,1153.79,15.73,178.8
2002-04-01,1111.93,15.833333333333332,179.8
2002-05-01,1079.25,15.936666666666667,179.8
2002-06-01,1014.02,16.04,179.9
2002-07-01,903.59,15.96,180.1
2002-08-01,912.55,15.879999999999999,180.7
2002-09-01,867.81,15.8,181.0
2002-01-01,854.63,15.89,181.3
2002-11-01,909.93,15.98,181.3
2002-12-01,899.18,16.07,180.9
2003-01-01,895.84,16.119999999999997,181.7
2003-02-01,837.03,16.169999999999998,183.1
2003-03-01,846.63,16.22,184.2
2003-04-01,890.03,16.203333333333333,183.8
2003-05-01,935.96,16.186666666666667,183.5
2003-06-01,988.0,16.17,183.7
2003-07-01,992.54,16.310000000000002,183.9
2003-08-01,989.53,16.450000000000003,184.6
2003-09-01,1019.44,16.59,185.2
2003-01-01,1038.73,16.85666666666667,185.0
2003-11-01,1049.9,17.123333333333335,184.5
2003-12-01,1080.64,17.39,184.3
2004-01-01,1132.52,17.6,185.2
2004-02-01,1143.36,17.810000000000002,186.2
2004-03-01,1123.98,18.02,187.4
2004-04-01,1133.36,18.213333333333335,188.0
2004-05-01,1102.78,18.406666666666666,189.1
2004-06-01,1132.76,18.6,189.7
2004-07-01,1105.85,18.78666666666667,189.4
2004-08-01,1088.94,18.973333333333333,189.5
2004-09-01,1117.66,19.16,189.9
2004-01-01,1117.21,19.253333333333334,190.9
2004-11-01,1168.94,19.346666666666668,191.0
2004-12-01,1199.21,19.44,190.3
2005-01-01,1181.41,19.703333333333333,190.7
2005-02-01,1199.63,19.96666666666667,191.8
2005-03-01,1194.9,20.23,193.3
2005-04-01,1164.43,20.46333333333333,194.6
2005-05-01,1178.28,20.696666666666665,194.4
2005-06-01,1202.25,20.93,194.5
2005-07-01,1222.24,21.11,195.4
2005-08-01,1224.27,21.29,196.4
2005-09-01,1225.92,21.47,198.8
2005-01-01,1191.96,21.72,199.2
2005-11-01,1237.37,21.97,197.6
2005-12-01,1262.07,22.22,196.8
2006-01-01,1278.73,22.406666666666666,198.3
2006-02-01,1276.65,22.593333333333334,198.7
2006-03-01,1293.74,22.78,199.8
2006-04-01,1302.17,23.0,201.5
2006-05-01,1290.01,23.22,202.5
2006-06-01,1253.17,23.44,202.9
2006-07-01,1260.24,23.66,203.5
2006-08-01,1287.15,23.88,203.9
2006-09-01,1317.74,24.1,202.9
2006-01-01,1363.38,24.36,201.8
2006-11-01,1388.64,24.619999999999997,201.5
2006-12-01,1416.42,24.88,201.8
2007-01-01,1424.16,25.083333333333332,202.416
2007-02-01,1444.8,25.286666666666665,203.499
2007-03-01,1406.95,25.49,205.352
2007-04-01,1463.64,25.71666666666667,206.686
2007-05-01,1511.14,25.943333333333335,207.949
2007-06-01,1514.19,26.17,208.352
2007-07-01,1520.71,26.440000000000005,208.299
2007-08-01,1454.62,26.71,207.917
2007-09-01,1497.12,26.98,208.49
2007-01-01,1539.66,27.230000000000004,208.936
2007-11-01,1463.39,27.480000000000004,210.177
2007-12-01,1479.22,27.73,210.036
2008-01-01,1378.76,27.92,211.08
2008-02-01,1354.87,28.11,211.693
2008-03-01,1316.94,28.3,213.528
2008-04-01,1370.47,28.436666666666667,214.823
2008-05-01,1403.22,28.573333333333334,216.632
2008-06-01,1341.25,28.71,218.815
2008-07-01,1257.33,28.756666666666668,219.964
2008-08-01,1281.47,28.803333333333335,219.086
2008-09-01,1216.95,28.85,218.783
2008-01-01,968.8,28.696666666666665,216.573
2008-11-01,883.04,28.543333333333333,212.425
2008-12-01,877.56,28.39,210.228
2009-01-01,865.58,28.013333333333335,211.143
2009-02-01,805.23,27.63666666666667,212.193
2009-03-01,757.13,27.26,212.709
2009-04-01,848.15,26.703333333333333,213.24
2009-05-01,902.41,26.14666666666667,213.856
2009-06-01,926.12,25.59,215.693
2009-07-01,935.82,25.026666666666664,215.351
2009-08-01,1009.73,24.46333333333333,215.834
2009-09-01,1044.55,23.9,215.969
2009-01-01,1067.66,23.403333333333332,216.177
2009-11-01,1088.07,22.906666666666666,216.33
2009-12-01,1110.38,22.41,215.949
2010-01-01,1123.58,22.24,216.687
2010-02-01,1089.16,22.07,216.741
2010-03-01,1152.05,21.9,217.631
2010-04-01,1197.32,21.946666666666665,218.009
2010-05-01,1125.06,21.993333333333332,218.178
2010-06-01,1083.36,22.04,217.965
2010-07-01,1079.8,22.143333333333334,218.011
2010-08-01,1087.28,22.246666666666666,218.312
2010-09-01,1122.08,22.35,218.439
2010-01-01,1171.58,22.476666666666667,218.711
2010-11-01,1198.89,22.603333333333335,218.803
2010-12-01,1241.53,22.73,219.179
2011-01-01,1282.62,22.963333333333335,220.223
2011-02-01,1321.12,23.196666666666665,221.309
2011-03-01,1304.49,23.43,223.467
2011-04-01,1331.51,23.733333333333334,224.906
2011-05-01,1338.31,24.036666666666665,225.964
2011-06-01,1287.29,24.34,225.722
2011-07-01,1325.19,24.619999999999997,225.922
2011-08-01,1185.31,24.9,226.545
2011-09-01,1173.88,25.18,226.889
2011-01-01,1207.22,25.596666666666664,226.421
2011-11-01,1226.42,26.013333333333335,226.23
2011-12-01,1243.32,26.43,225.672
2012-01-01,1300.58,26.736666666666668,226.665
2012-02-01,1352.49,27.043333333333337,227.663
2012-03-01,1389.24,27.35,229.392
2012-04-01,1386.43,27.673333333333332,230.085
2012-05-01,1341.27,27.996666666666666,229.815
2012-06-01,1323.48,28.32,229.478
2012-07-01,1359.78,28.743333333333332,229.104
2012-08-01,1403.45,29.166666666666664,230.379
2012-09-01,1443.42,29.59,231.407
2012-01-01,1437.82,30.14333333333333,231.317
2012-11-01,1394.51,30.696666666666665,230.221
2012-12-01,1422.29,31.25,229.601
2013-01-01,1480.4,31.536666666666665,230.28
2013-02-01,1512.31,31.82333333333333,232.166
2013-03-01,1550.83,32.11,232.773
2013-04-01,1570.7,32.49666666666667,232.531
2013-05-01,1639.84,32.88333333333334,232.945
2013-06-01,1618.77,33.27,233.504
2013-07-01,1668.68,33.64666666666667,233.596
2013-08-01,1670.09,34.02333333333333,233.877
2013-09-01,1687.17,34.4,234.149
2013-01-01,1720.03,34.596666666666664,233.546
2013-11-01,1783.54,34.79333333333334,233.069
2013-12-01,1807.78,34.99,233.049
2014-01-01,1822.36,35.403333333333336,233.916
2014-02-01,1817.04,35.81666666666666,234.781
2014-03-01,1863.52,36.23,236.293
2014-04-01,1864.26,36.61333333333333,237.072
2014-05-01,1889.77,36.99666666666667,237.9
2014-06-01,1947.09,37.38,238.343
2014-07-01,1973.1,37.75,238.25
2014-08-01,1961.53,38.120000000000005,237.852
2014-09-01,1993.23,38.49,238.031
2014-01-01,1937.27,38.806666666666665,237.433
2014-11-01,2044.57,39.123333333333335,236.151
2014-12-01,2054.27,39.44,234.812
2015-01-01,2028.18,39.89666666666667,233.707
2015-02-01,2082.2,40.35333333333333,234.722
2015-03-01,2079.99,40.81,236.119
2015-04-01,2094.86,41.120000000000005,236.599
2015-05-01,2111.94,41.43,237.805
2015-06-01,2099.29,41.74,238.638
2015-07-01,2094.14,41.99666666666667,238.654
2015-08-01,2039.87,42.25333333333333,238.316
2015-09-01,1944.41,42.51,237.945
2015-01-01,2024.81,42.803333333333335,237.838
2015-11-01,2080.62,43.096666666666664,237.336
2015-12-01,2054.08,43.39,236.525
2016-01-01,1918.6,43.553333333333335,236.916
2016-02-01,1904.42,43.71666666666667,237.111
2016-03-01,2021.95,43.88,238.132
2016-04-01,2075.54,44.07333333333334,239.261
2016-05-01,2065.55,44.266666666666666,240.229
2016-06-01,2083.89,44.46,241.018
2016-07-01,2148.9,44.65,240.628
2016-08-01,2170.95,44.84,240.849
2016-09-01,2157.69,45.03,241.428
2016-01-01,2143.02,45.25333333333333,241.729
2016-11-01,2164.99,45.47666666666667,241.353
2016-12-01,2246.63,45.7,241.432
2017-01-01,2275.12,45.92666666666667,242.839
2017-02-01,2329.91,46.153333333333336,243.603
2017-03-01,2366.82,46.38,243.801
2017-04-01,2359.31,46.660000000000004,244.524
2017-05-01,2395.35,46.94,244.733
2017-06-01,2433.99,47.22,244.955
2017-07-01,2454.1,47.53666666666667,244.786
2017-08-01,2456.22,47.85333333333334,245.519
2017-09-01,2492.84,48.17,246.819
2017-01-01,2557.0,48.42333333333333,246.663
2017-11-01,2593.61,48.67666666666666,246.669
2017-12-01,2664.34,48.93,246.524
2018-01-01,2789.8,49.28666666666666,247.867
2018-02-01,2705.16,49.64333333333333,248.991
2018-03-01,2702.77,50.0,249.554
2018-04-01,2653.63,50.33,250.546
2018-05-01,2701.49,50.66,251.588
2018-06-01,2754.35,50.99,251.989
2018-07-01,2793.64,51.44,252.006
2018-08-01,2857.82,51.89,252.146
2018-09-01,2901.5,52.34,252.439
2018-01-01,2785.46,52.81,252.885
2018-11-01,2723.23,53.28,252.038
2018-12-01,2567.31,53.75,251.233
2019-01-01,2607.39,54.14666666666667,251.712
2019-02-01,2754.86,54.54333333333334,252.776
2019-03-01,2803.98,54.94,254.202
2019-04-01,2903.8,55.319091580592705,255.548
2019-05-01,2854.71,55.69818316118541,256.092
2019-06-01,2890.17,56.07727474177812,256.143
2019-07-01,2996.1136363636365,56.45818316118542,256.571
2019-08-01,2897.498181818182,56.83909158059271,256.558
2019-09-01,2982.156,57.22,256.759
2019-01-01,2977.68,57.56,257.346
2019-11-01,3104.9044999999996,57.900000000000006,257.208
2019-12-01,3176.7495238095235,58.24,256.974
2020-01-01,3278.2028571428577,58.686867862126704,257.971
2020-02-01,3277.3142105263164,59.13373572425341,258.678
2020-03-01,2652.3936363636367,59.58060358638012,258.115
2020-04-01,2761.975238095238,59.61373572425342,256.389
2020-05-01,2919.615,59.64686786212671,256.394
2020-06-01,3104.6609090909087,59.68,257.797
2020-07-01,3207.6190909090906,59.403333333333336,259.101
2020-08-01,3391.71,59.126666666666665,259.918
2020-09-01,3365.5166666666664,58.85,260.28
2020-01-01,3418.701363636364,58.659615378670054,260.388
2020-11-01,3548.992500000001,58.469230757340114,260.229
2020-12-01,3695.3099999999995,58.27884613601017,260.474
2021-01-01,3793.748421052632,,260.5965
2021-02-01,3826.31,,260.65774999999996
